,Games,Sport,Sex,Name,Event,NOC
0,1896 Summer,Athletics,M,63,12,9
1,1896 Summer,Cycling,M,19,6,5
2,1896 Summer,Fencing,M,15,3,4
3,1896 Summer,Gymnastics,M,28,8,8
4,1896 Summer,Shooting,M,38,5,7
5,1896 Summer,Swimming,M,13,4,4
6,1896 Summer,Tennis,M,13,2,6
7,1896 Summer,Weightlifting,M,7,2,5
8,1896 Summer,Wrestling,M,5,1,4
9,1900 Summer,Archery,M,23,8,3
10,1900 Summer,Athletics,M,119,23,17
11,1900 Summer,Basque Pelota,M,2,1,1
12,1900 Summer,Cricket,M,24,1,2
13,1900 Summer,Croquet,F,3,2,1
14,1900 Summer,Croquet,M,7,3,1
15,1900 Summer,Cycling,M,72,3,7
16,1900 Summer,Equestrianism,F,2,1,2
17,1900 Summer,Equestrianism,M,56,5,8
18,1900 Summer,Fencing,M,259,7,19
19,1900 Summer,Football,M,35,1,4
20,1900 Summer,Golf,F,10,1,2
21,1900 Summer,Golf,M,12,1,4
22,1900 Summer,Gymnastics,M,135,1,8
23,1900 Summer,Polo,M,20,1,4
24,1900 Summer,Rowing,M,99,4,7
25,1900 Summer,Rugby,M,47,1,5
26,1900 Summer,Sailing,F,1,2,1
27,1900 Summer,Sailing,M,95,8,6
28,1900 Summer,Shooting,M,72,8,8
29,1900 Summer,Swimming,M,76,7,12
30,1900 Summer,Tennis,F,7,2,4
31,1900 Summer,Tennis,M,19,3,3
32,1900 Summer,Tug-Of-War,M,12,1,4
33,1900 Summer,Water Polo,M,53,1,5
34,1904 Summer,Archery,F,6,3,1
35,1904 Summer,Archery,M,23,3,1
36,1904 Summer,Athletics,M,116,24,11
37,1904 Summer,Boxing,M,18,7,1
38,1904 Summer,Cycling,M,18,7,2
39,1904 Summer,Diving,M,5,1,2
40,1904 Summer,Fencing,M,11,5,4
41,1904 Summer,Football,M,36,1,2
42,1904 Summer,Golf,M,77,2,3
43,1904 Summer,Gymnastics,M,121,12,5
44,1904 Summer,Lacrosse,M,36,1,2
45,1904 Summer,Roque,M,4,1,1
46,1904 Summer,Rowing,M,44,5,2
47,1904 Summer,Swimming,M,32,10,5
48,1904 Summer,Tennis,M,36,2,2
49,1904 Summer,Tug-Of-War,M,30,1,4
50,1904 Summer,Water Polo,M,21,1,1
51,1904 Summer,Weightlifting,M,5,2,3
52,1904 Summer,Wrestling,M,42,7,5
53,1906 Summer,Athletics,M,233,21,20
54,1906 Summer,Cycling,M,45,6,11
55,1906 Summer,Diving,M,24,1,7
56,1906 Summer,Fencing,M,62,8,12
57,1906 Summer,Football,M,45,1,4
58,1906 Summer,Gymnastics,M,104,4,9
59,1906 Summer,Rowing,M,167,6,6
60,1906 Summer,Shooting,M,68,12,12
61,1906 Summer,Swimming,M,43,4,11
62,1906 Summer,Tennis,F,6,2,2
63,1906 Summer,Tennis,M,21,3,6
64,1906 Summer,Tug-Of-War,M,32,1,4
65,1906 Summer,Weightlifting,M,13,2,7
66,1906 Summer,Wrestling,M,36,4,11
67,1908 Summer,Archery,F,25,1,1
68,1908 Summer,Archery,M,32,2,3
69,1908 Summer,Athletics,M,431,26,20
70,1908 Summer,Boxing,M,42,5,4
71,1908 Summer,Cycling,M,97,6,11
72,1908 Summer,Diving,M,39,2,9
73,1908 Summer,Fencing,M,131,4,14
74,1908 Summer,Figure Skating,F,7,2,3
75,1908 Summer,Figure Skating,M,14,3,6
76,1908 Summer,Football,M,72,1,5
77,1908 Summer,Gymnastics,M,325,2,13
78,1908 Summer,Hockey,M,68,1,3
79,1908 Summer,Jeu De Paume,M,11,1,2
80,1908 Summer,Lacrosse,M,24,1,2
81,1908 Summer,Motorboating,F,1,1,1
82,1908 Summer,Motorboating,M,13,3,2
83,1908 Summer,Polo,M,12,1,1
84,1908 Summer,Racquets,M,7,2,1
85,1908 Summer,Rowing,M,81,4,8
86,1908 Summer,Rugby,M,30,1,2
87,1908 Summer,Sailing,F,1,1,1
88,1908 Summer,Sailing,M,63,4,5
89,1908 Summer,Shooting,M,215,15,14
90,1908 Summer,Swimming,M,100,6,14
91,1908 Summer,Tennis,F,10,2,2
92,1908 Summer,Tennis,M,40,4,10
93,1908 Summer,Tug-Of-War,M,40,1,3
94,1908 Summer,Water Polo,M,28,1,4
95,1908 Summer,Wrestling,M,115,9,15
96,1912 Summer,Art Competitions,M,33,5,12
97,1912 Summer,Athletics,M,534,30,27
98,1912 Summer,Cycling,M,123,2,16
99,1912 Summer,Diving,F,14,1,3
100,1912 Summer,Diving,M,43,3,9
101,1912 Summer,Equestrianism,M,62,5,10
102,1912 Summer,Fencing,M,185,5,16
103,1912 Summer,Football,M,163,1,11
104,1912 Summer,Gymnastics,M,249,4,12
105,1912 Summer,Modern Pentathlon,M,32,1,10
106,1912 Summer,Rowing,M,184,4,14
107,1912 Summer,Sailing,M,109,4,6
108,1912 Summer,Shooting,M,284,18,16
109,1912 Summer,Swimming,F,27,2,8
110,1912 Summer,Swimming,M,93,7,17
111,1912 Summer,Tennis,F,13,4,6
112,1912 Summer,Tennis,M,67,6,14
113,1912 Summer,Tug-Of-War,M,16,1,2
114,1912 Summer,Water Polo,M,45,1,6
115,1912 Summer,Wrestling,M,170,5,18
116,1920 Summer,Archery,M,30,10,3
117,1920 Summer,Art Competitions,F,1,1,1
118,1920 Summer,Art Competitions,M,10,5,4
119,1920 Summer,Athletics,M,509,29,25
120,1920 Summer,Boxing,M,116,8,12
121,1920 Summer,Cycling,M,103,6,14
122,1920 Summer,Diving,F,18,2,6
123,1920 Summer,Diving,M,35,3,13
124,1920 Summer,Equestrianism,M,89,7,8
125,1920 Summer,Fencing,M,149,6,13
126,1920 Summer,Figure Skating,F,12,2,7
127,1920 Summer,Figure Skating,M,14,2,8
128,1920 Summer,Football,M,190,1,14
129,1920 Summer,Gymnastics,M,249,4,11
130,1920 Summer,Hockey,M,51,1,4
131,1920 Summer,Ice Hockey,M,60,1,7
132,1920 Summer,Modern Pentathlon,M,23,1,8
133,1920 Summer,Polo,M,17,1,4
134,1920 Summer,Rowing,M,136,5,14
135,1920 Summer,Rugby,M,31,1,2
136,1920 Summer,Sailing,F,1,1,1
137,1920 Summer,Sailing,M,100,10,6
138,1920 Summer,Shooting,M,236,22,18
139,1920 Summer,Swimming,F,24,3,9
140,1920 Summer,Swimming,M,92,7,17
141,1920 Summer,Tennis,F,23,3,8
142,1920 Summer,Tennis,M,52,3,14
143,1920 Summer,Tug-Of-War,M,40,1,5
144,1920 Summer,Water Polo,M,101,1,12
145,1920 Summer,Weightlifting,M,52,5,14
146,1920 Summer,Wrestling,M,152,10,19
147,1924 Summer,Art Competitions,F,21,5,9
148,1924 Summer,Art Competitions,M,168,5,23
149,1924 Summer,Athletics,M,659,27,40
150,1924 Summer,Boxing,M,181,8,27
151,1924 Summer,Cycling,M,139,6,24
152,1924 Summer,Diving,F,26,2,9
153,1924 Summer,Diving,M,45,3,13
154,1924 Summer,Equestrianism,M,97,5,17
155,1924 Summer,Fencing,F,25,1,9
156,1924 Summer,Fencing,M,215,6,23
157,1924 Summer,Football,M,279,1,22
158,1924 Summer,Gymnastics,M,72,9,9
159,1924 Summer,Modern Pentathlon,M,38,1,11
160,1924 Summer,Polo,M,24,1,5
161,1924 Summer,Rowing,M,181,7,14
162,1924 Summer,Rugby,M,54,1,3
163,1924 Summer,Sailing,F,1,1,1
164,1924 Summer,Sailing,M,64,3,18
165,1924 Summer,Shooting,M,258,10,27
166,1924 Summer,Swimming,F,51,5,10
167,1924 Summer,Swimming,M,118,6,22
168,1924 Summer,Tennis,F,35,3,14
169,1924 Summer,Tennis,M,89,3,27
170,1924 Summer,Water Polo,M,101,1,13
171,1924 Summer,Weightlifting,M,107,5,16
172,1924 Summer,Wrestling,M,229,13,26
173,1924 Winter,Alpinism,M,21,1,4
174,1924 Winter,Bobsleigh,M,39,1,5
175,1924 Winter,Cross Country Skiing,M,59,2,12
176,1924 Winter,Curling,M,16,1,3
177,1924 Winter,Figure Skating,F,13,2,8
178,1924 Winter,Figure Skating,M,16,2,10
179,1924 Winter,Ice Hockey,M,82,1,8
180,1924 Winter,Military Ski Patrol,M,24,1,6
181,1924 Winter,Nordic Combined,M,30,1,9
182,1924 Winter,Ski Jumping,M,27,1,9
183,1924 Winter,Speed Skating,M,31,5,10
184,1928 Summer,Art Competitions,F,38,6,9
185,1928 Summer,Art Competitions,M,332,13,19
186,1928 Summer,Athletics,F,95,5,18
187,1928 Summer,Athletics,M,611,22,40
188,1928 Summer,Boxing,M,144,8,29
189,1928 Summer,Cycling,M,149,6,27
190,1928 Summer,Diving,F,23,2,9
191,1928 Summer,Diving,M,38,2,16
192,1928 Summer,Equestrianism,M,113,6,20
193,1928 Summer,Fencing,F,27,1,11
194,1928 Summer,Fencing,M,232,6,27
195,1928 Summer,Football,M,219,1,17
196,1928 Summer,Gymnastics,F,56,1,5
197,1928 Summer,Gymnastics,M,88,7,11
198,1928 Summer,Hockey,M,137,1,9
199,1928 Summer,Modern Pentathlon,M,37,1,14
200,1928 Summer,Rowing,M,244,7,19
201,1928 Summer,Sailing,F,2,1,2
202,1928 Summer,Sailing,M,125,3,23
203,1928 Summer,Swimming,F,72,5,17
204,1928 Summer,Swimming,M,110,6,25
205,1928 Summer,Water Polo,M,112,1,14
206,1928 Summer,Weightlifting,M,94,5,19
207,1928 Summer,Wrestling,M,166,13,29
208,1928 Winter,Bobsleigh,M,116,1,14
209,1928 Winter,Cross Country Skiing,M,74,2,15
210,1928 Winter,Figure Skating,F,28,2,11
211,1928 Winter,Figure Skating,M,23,2,11
212,1928 Winter,Ice Hockey,M,124,1,11
213,1928 Winter,Nordic Combined,M,35,1,14
214,1928 Winter,Skeleton,M,10,1,6
215,1928 Winter,Ski Jumping,M,38,1,13
216,1928 Winter,Speed Skating,M,40,4,14
217,1932 Summer,Alpinism,M,2,1,1
218,1932 Summer,Art Competitions,F,75,6,13
219,1932 Summer,Art Competitions,M,513,13,35
220,1932 Summer,Athletics,F,54,6,11
221,1932 Summer,Athletics,M,332,23,34
222,1932 Summer,Boxing,M,85,8,18
223,1932 Summer,Cycling,M,66,6,13
224,1932 Summer,Diving,F,11,2,7
225,1932 Summer,Diving,M,17,2,7
226,1932 Summer,Equestrianism,M,31,6,6
227,1932 Summer,Fencing,F,17,1,11
228,1932 Summer,Fencing,M,91,6,15
229,1932 Summer,Gymnastics,M,46,11,7
230,1932 Summer,Hockey,M,40,1,3
231,1932 Summer,Modern Pentathlon,M,25,1,10
232,1932 Summer,Rowing,M,152,7,13
233,1932 Summer,Sailing,M,54,4,11
234,1932 Summer,Shooting,M,41,2,10
235,1932 Summer,Swimming,F,44,5,10
236,1932 Summer,Swimming,M,84,6,17
237,1932 Summer,Water Polo,M,41,1,5
238,1932 Summer,Weightlifting,M,29,5,8
239,1932 Summer,Wrestling,M,79,14,18
240,1932 Winter,Bobsleigh,M,41,2,8
241,1932 Winter,Cross Country Skiing,M,58,2,11
242,1932 Winter,Figure Skating,F,21,2,9
243,1932 Winter,Figure Skating,M,18,2,10
244,1932 Winter,Ice Hockey,M,48,1,4
245,1932 Winter,Nordic Combined,M,33,1,10
246,1932 Winter,Ski Jumping,M,34,1,10
247,1932 Winter,Speed Skating,M,31,4,6
248,1936 Summer,Aeronautics,M,1,1,1
249,1936 Summer,Alpinism,F,1,1,1
250,1936 Summer,Alpinism,M,1,1,1
251,1936 Summer,Art Competitions,F,31,6,12
252,1936 Summer,Art Competitions,M,496,19,24
253,1936 Summer,Athletics,F,98,6,20
254,1936 Summer,Athletics,M,678,23,43
255,1936 Summer,Basketball,M,199,1,21
256,1936 Summer,Boxing,M,179,8,31
257,1936 Summer,Canoeing,M,119,9,19
258,1936 Summer,Cycling,M,175,6,30
259,1936 Summer,Diving,F,30,2,11
260,1936 Summer,Diving,M,39,2,20
261,1936 Summer,Equestrianism,M,127,6,21
262,1936 Summer,Fencing,F,41,1,17
263,1936 Summer,Fencing,M,270,6,29
264,1936 Summer,Football,M,201,1,16
265,1936 Summer,Gymnastics,F,64,1,8
266,1936 Summer,Gymnastics,M,111,8,14
267,1936 Summer,Handball,M,105,1,6
268,1936 Summer,Hockey,M,167,1,11
269,1936 Summer,Modern Pentathlon,M,42,1,16
270,1936 Summer,Polo,M,21,1,5
271,1936 Summer,Rowing,M,314,7,24
272,1936 Summer,Sailing,F,3,2,3
273,1936 Summer,Sailing,M,169,4,26
274,1936 Summer,Shooting,M,141,3,29
275,1936 Summer,Swimming,F,94,5,18
276,1936 Summer,Swimming,M,154,6,28
277,1936 Summer,Water Polo,M,142,1,16
278,1936 Summer,Weightlifting,M,80,5,15
279,1936 Summer,Wrestling,M,200,14,29
280,1936 Winter,Alpine Skiing,F,37,1,13
281,1936 Winter,Alpine Skiing,M,66,1,21
282,1936 Winter,Bobsleigh,M,95,2,13
283,1936 Winter,Cross Country Skiing,M,109,3,22
284,1936 Winter,Figure Skating,F,43,2,16
285,1936 Winter,Figure Skating,M,41,2,16
286,1936 Winter,Ice Hockey,M,173,1,15
287,1936 Winter,Nordic Combined,M,51,1,16
288,1936 Winter,Ski Jumping,M,48,1,14
289,1936 Winter,Speed Skating,M,52,4,16
290,1948 Summer,Art Competitions,F,53,15,15
291,1948 Summer,Art Competitions,M,277,17,26
292,1948 Summer,Athletics,F,144,9,27
293,1948 Summer,Athletics,M,601,24,53
294,1948 Summer,Basketball,M,287,1,23
295,1948 Summer,Boxing,M,205,8,39
296,1948 Summer,Canoeing,F,10,1,10
297,1948 Summer,Canoeing,M,100,8,16
298,1948 Summer,Cycling,M,188,6,33
299,1948 Summer,Diving,F,24,2,10
300,1948 Summer,Diving,M,39,2,20
301,1948 Summer,Equestrianism,M,103,6,17
302,1948 Summer,Fencing,F,39,1,15
303,1948 Summer,Fencing,M,255,6,30
304,1948 Summer,Football,M,218,1,18
305,1948 Summer,Gymnastics,F,88,1,11
306,1948 Summer,Gymnastics,M,123,8,16
307,1948 Summer,Hockey,M,187,1,13
308,1948 Summer,Modern Pentathlon,M,45,1,16
309,1948 Summer,Rowing,M,310,7,27
310,1948 Summer,Sailing,M,186,4,23
311,1948 Summer,Shooting,M,188,4,28
312,1948 Summer,Swimming,F,88,5,18
313,1948 Summer,Swimming,M,161,6,30
314,1948 Summer,Water Polo,M,156,1,18
315,1948 Summer,Weightlifting,M,120,6,30
316,1948 Summer,Wrestling,M,219,16,29
317,1948 Winter,Alpine Skiing,F,40,3,11
318,1948 Winter,Alpine Skiing,M,127,3,25
319,1948 Winter,Bobsleigh,M,71,2,9
320,1948 Winter,Cross Country Skiing,M,106,3,15
321,1948 Winter,Figure Skating,F,37,2,11
322,1948 Winter,Figure Skating,M,27,2,12
323,1948 Winter,Ice Hockey,M,139,1,9
324,1948 Winter,Nordic Combined,M,39,1,13
325,1948 Winter,Skeleton,M,15,1,6
326,1948 Winter,Ski Jumping,M,49,1,14
327,1948 Winter,Speed Skating,M,68,4,15
328,1952 Summer,Athletics,F,187,9,37
329,1952 Summer,Athletics,M,776,24,55
330,1952 Summer,Basketball,M,294,1,23
331,1952 Summer,Boxing,M,249,10,43
332,1952 Summer,Canoeing,F,13,1,13
333,1952 Summer,Canoeing,M,146,8,21
334,1952 Summer,Cycling,M,215,6,36
335,1952 Summer,Diving,F,25,2,10
336,1952 Summer,Diving,M,51,2,21
337,1952 Summer,Equestrianism,F,4,2,4
338,1952 Summer,Equestrianism,M,130,6,25
339,1952 Summer,Fencing,F,37,1,15
340,1952 Summer,Fencing,M,249,6,32
341,1952 Summer,Football,M,294,1,25
342,1952 Summer,Gymnastics,F,134,7,18
343,1952 Summer,Gymnastics,M,185,8,29
344,1952 Summer,Hockey,M,157,1,12
345,1952 Summer,Modern Pentathlon,M,51,2,19
346,1952 Summer,Rowing,M,404,7,33
347,1952 Summer,Sailing,F,3,3,2
348,1952 Summer,Sailing,M,224,5,29
349,1952 Summer,Shooting,M,218,7,41
350,1952 Summer,Swimming,F,118,5,24
351,1952 Summer,Swimming,M,201,6,48
352,1952 Summer,Water Polo,M,191,1,21
353,1952 Summer,Weightlifting,M,142,7,41
354,1952 Summer,Wrestling,M,244,16,37
355,1952 Winter,Alpine Skiing,F,52,3,15
356,1952 Winter,Alpine Skiing,M,114,3,28
357,1952 Winter,Bobsleigh,M,70,2,10
358,1952 Winter,Cross Country Skiing,F,20,1,8
359,1952 Winter,Cross Country Skiing,M,118,3,18
360,1952 Winter,Figure Skating,F,37,2,13
361,1952 Winter,Figure Skating,M,26,2,14
362,1952 Winter,Ice Hockey,M,147,1,9
363,1952 Winter,Nordic Combined,M,25,1,11
364,1952 Winter,Ski Jumping,M,44,1,13
365,1952 Winter,Speed Skating,M,67,4,14
366,1956 Summer,Athletics,F,147,9,27
367,1956 Summer,Athletics,M,573,24,59
368,1956 Summer,Basketball,M,169,1,15
369,1956 Summer,Boxing,M,161,10,34
370,1956 Summer,Canoeing,F,10,1,10
371,1956 Summer,Canoeing,M,103,8,17
372,1956 Summer,Cycling,M,161,6,30
373,1956 Summer,Diving,F,27,2,12
374,1956 Summer,Diving,M,33,2,13
375,1956 Summer,Equestrianism,F,13,4,6
376,1956 Summer,Equestrianism,M,145,6,29
377,1956 Summer,Fencing,F,23,1,11
378,1956 Summer,Fencing,M,142,6,20
379,1956 Summer,Football,M,143,1,11
380,1956 Summer,Gymnastics,F,65,7,15
381,1956 Summer,Gymnastics,M,63,8,18
382,1956 Summer,Hockey,M,173,1,12
383,1956 Summer,Modern Pentathlon,M,40,2,16
384,1956 Summer,Rowing,M,242,7,25
385,1956 Summer,Sailing,M,154,5,28
386,1956 Summer,Shooting,M,156,7,37
387,1956 Summer,Swimming,F,99,6,24
388,1956 Summer,Swimming,M,136,7,29
389,1956 Summer,Water Polo,M,96,1,10
390,1956 Summer,Weightlifting,M,105,7,34
391,1956 Summer,Wrestling,M,173,16,30
392,1956 Winter,Alpine Skiing,F,59,3,16
393,1956 Winter,Alpine Skiing,M,124,3,29
394,1956 Winter,Bobsleigh,M,101,2,14
395,1956 Winter,Cross Country Skiing,F,41,2,11
396,1956 Winter,Cross Country Skiing,M,109,4,20
397,1956 Winter,Figure Skating,F,32,2,12
398,1956 Winter,Figure Skating,M,27,2,12
399,1956 Winter,Ice Hockey,M,169,1,10
400,1956 Winter,Nordic Combined,M,36,1,12
401,1956 Winter,Ski Jumping,M,51,1,16
402,1956 Winter,Speed Skating,M,83,4,18
403,1960 Summer,Athletics,F,204,10,33
404,1960 Summer,Athletics,M,812,24,71
405,1960 Summer,Basketball,M,192,1,16
406,1960 Summer,Boxing,M,281,10,54
407,1960 Summer,Canoeing,F,28,2,15
408,1960 Summer,Canoeing,M,145,5,24
409,1960 Summer,Cycling,M,297,6,48
410,1960 Summer,Diving,F,26,2,15
411,1960 Summer,Diving,M,49,2,21
412,1960 Summer,Equestrianism,F,8,3,4
413,1960 Summer,Equestrianism,M,151,5,29
414,1960 Summer,Fencing,F,78,2,24
415,1960 Summer,Fencing,M,266,6,41
416,1960 Summer,Football,M,235,1,16
417,1960 Summer,Gymnastics,F,124,6,27
418,1960 Summer,Gymnastics,M,130,8,28
419,1960 Summer,Hockey,M,236,1,16
420,1960 Summer,Modern Pentathlon,M,60,2,23
421,1960 Summer,Rowing,M,410,7,33
422,1960 Summer,Sailing,F,1,1,1
423,1960 Summer,Sailing,M,289,5,46
424,1960 Summer,Shooting,M,313,6,59
425,1960 Summer,Swimming,F,144,7,26
426,1960 Summer,Swimming,M,236,8,42
427,1960 Summer,Water Polo,M,150,1,16
428,1960 Summer,Weightlifting,M,172,7,53
429,1960 Summer,Wrestling,M,324,16,46
430,1960 Winter,Alpine Skiing,F,51,3,14
431,1960 Winter,Alpine Skiing,M,82,3,21
432,1960 Winter,Biathlon,M,30,1,9
433,1960 Winter,Cross Country Skiing,F,24,2,7
434,1960 Winter,Cross Country Skiing,M,88,4,19
435,1960 Winter,Figure Skating,F,39,2,14
436,1960 Winter,Figure Skating,M,32,2,12
437,1960 Winter,Ice Hockey,M,152,1,9
438,1960 Winter,Nordic Combined,M,33,1,13
439,1960 Winter,Ski Jumping,M,45,1,15
440,1960 Winter,Speed Skating,F,30,4,10
441,1960 Winter,Speed Skating,M,73,4,16
442,1964 Summer,Athletics,F,236,12,41
443,1964 Summer,Athletics,M,782,24,78
444,1964 Summer,Basketball,M,189,1,16
445,1964 Summer,Boxing,M,269,10,56
446,1964 Summer,Canoeing,F,27,2,14
447,1964 Summer,Canoeing,M,118,5,22
448,1964 Summer,Cycling,M,303,7,40
449,1964 Summer,Diving,F,34,2,12
450,1964 Summer,Diving,M,46,2,19
451,1964 Summer,Equestrianism,F,13,6,7
452,1964 Summer,Equestrianism,M,103,6,19
453,1964 Summer,Fencing,F,56,2,17
454,1964 Summer,Fencing,M,203,6,28
455,1964 Summer,Football,M,214,1,14
456,1964 Summer,Gymnastics,F,83,6,24
457,1964 Summer,Gymnastics,M,130,8,30
458,1964 Summer,Hockey,M,226,1,15
459,1964 Summer,Judo,M,72,4,27
460,1964 Summer,Modern Pentathlon,M,37,2,15
461,1964 Summer,Rowing,M,370,7,27
462,1964 Summer,Sailing,F,1,1,1
463,1964 Summer,Sailing,M,224,5,40
464,1964 Summer,Shooting,M,262,6,51
465,1964 Summer,Swimming,F,162,8,27
466,1964 Summer,Swimming,M,243,10,41
467,1964 Summer,Volleyball,F,68,1,6
468,1964 Summer,Volleyball,M,111,1,10
469,1964 Summer,Water Polo,M,137,1,13
470,1964 Summer,Weightlifting,M,149,7,42
471,1964 Summer,Wrestling,M,275,16,42
472,1964 Winter,Alpine Skiing,F,55,3,16
473,1964 Winter,Alpine Skiing,M,119,3,29
474,1964 Winter,Biathlon,M,51,1,14
475,1964 Winter,Bobsleigh,M,81,2,11
476,1964 Winter,Cross Country Skiing,F,38,3,12
477,1964 Winter,Cross Country Skiing,M,113,4,23
478,1964 Winter,Figure Skating,F,47,2,15
479,1964 Winter,Figure Skating,M,41,2,12
480,1964 Winter,Ice Hockey,M,270,1,16
481,1964 Winter,Luge,F,17,1,7
482,1964 Winter,Luge,M,51,2,12
483,1964 Winter,Nordic Combined,M,32,1,11
484,1964 Winter,Ski Jumping,M,57,2,15
485,1964 Winter,Speed Skating,F,43,4,15
486,1964 Winter,Speed Skating,M,91,4,21
487,1968 Summer,Athletics,F,243,12,41
488,1968 Summer,Athletics,M,786,24,91
489,1968 Summer,Basketball,M,191,1,16
490,1968 Summer,Boxing,M,307,11,65
491,1968 Summer,Canoeing,F,29,2,13
492,1968 Summer,Canoeing,M,155,5,27
493,1968 Summer,Cycling,M,329,7,52
494,1968 Summer,Diving,F,36,2,17
495,1968 Summer,Diving,M,45,2,18
496,1968 Summer,Equestrianism,F,22,6,9
497,1968 Summer,Equestrianism,M,103,6,18
498,1968 Summer,Fencing,F,58,2,16
499,1968 Summer,Fencing,M,217,6,33
500,1968 Summer,Football,M,273,1,16
501,1968 Summer,Gymnastics,F,101,6,24
502,1968 Summer,Gymnastics,M,117,8,28
503,1968 Summer,Hockey,M,251,1,16
504,1968 Summer,Modern Pentathlon,M,48,2,18
505,1968 Summer,Rowing,M,353,7,29
506,1968 Summer,Sailing,M,251,5,41
507,1968 Summer,Shooting,F,3,2,3
508,1968 Summer,Shooting,M,348,7,62
509,1968 Summer,Swimming,F,204,14,40
510,1968 Summer,Swimming,M,264,15,44
511,1968 Summer,Volleyball,F,87,1,8
512,1968 Summer,Volleyball,M,119,1,10
513,1968 Summer,Water Polo,M,162,1,15
514,1968 Summer,Weightlifting,M,160,7,55
515,1968 Summer,Wrestling,M,297,16,46
516,1968 Winter,Alpine Skiing,F,55,3,18
517,1968 Winter,Alpine Skiing,M,136,3,33
518,1968 Winter,Biathlon,M,72,2,16
519,1968 Winter,Bobsleigh,M,90,2,11
520,1968 Winter,Cross Country Skiing,F,37,3,11
521,1968 Winter,Cross Country Skiing,M,110,4,25
522,1968 Winter,Figure Skating,F,50,2,16
523,1968 Winter,Figure Skating,M,46,2,15
524,1968 Winter,Ice Hockey,M,250,1,14
525,1968 Winter,Luge,F,26,1,10
526,1968 Winter,Luge,M,59,2,14
527,1968 Winter,Nordic Combined,M,41,1,13
528,1968 Winter,Ski Jumping,M,66,2,17
529,1968 Winter,Speed Skating,F,43,4,13
530,1968 Winter,Speed Skating,M,86,4,18
531,1972 Summer,Archery,F,40,1,21
532,1972 Summer,Archery,M,55,1,24
533,1972 Summer,Athletics,F,369,14,57
534,1972 Summer,Athletics,M,961,24,102
535,1972 Summer,Basketball,M,190,1,16
536,1972 Summer,Boxing,M,354,11,80
537,1972 Summer,Canoeing,F,56,3,19
538,1972 Summer,Canoeing,M,274,8,29
539,1972 Summer,Cycling,M,359,7,54
540,1972 Summer,Diving,F,41,2,20
541,1972 Summer,Diving,M,50,2,20
542,1972 Summer,Equestrianism,F,31,6,14
543,1972 Summer,Equestrianism,M,148,6,27
544,1972 Summer,Fencing,F,65,2,20
545,1972 Summer,Fencing,M,234,6,36
546,1972 Summer,Football,M,269,1,16
547,1972 Summer,Gymnastics,F,118,6,23
548,1972 Summer,Gymnastics,M,113,8,26
549,1972 Summer,Handball,M,243,1,16
550,1972 Summer,Hockey,M,263,1,16
551,1972 Summer,Judo,M,148,6,46
552,1972 Summer,Modern Pentathlon,M,59,2,20
553,1972 Summer,Rowing,M,440,7,35
554,1972 Summer,Sailing,M,323,4,42
555,1972 Summer,Shooting,F,4,3,4
556,1972 Summer,Shooting,M,393,8,71
557,1972 Summer,Swimming,F,245,14,38
558,1972 Summer,Swimming,M,287,15,47
559,1972 Summer,Volleyball,F,91,1,8
560,1972 Summer,Volleyball,M,140,1,12
561,1972 Summer,Water Polo,M,176,1,16
562,1972 Summer,Weightlifting,M,188,9,54
563,1972 Summer,Wrestling,M,388,20,49
564,1972 Winter,Alpine Skiing,F,50,3,13
565,1972 Winter,Alpine Skiing,M,93,3,27
566,1972 Winter,Biathlon,M,62,2,14
567,1972 Winter,Bobsleigh,M,79,2,11
568,1972 Winter,Cross Country Skiing,F,48,3,12
569,1972 Winter,Cross Country Skiing,M,104,4,19
570,1972 Winter,Figure Skating,F,35,2,16
571,1972 Winter,Figure Skating,M,32,2,12
572,1972 Winter,Ice Hockey,M,208,1,11
573,1972 Winter,Luge,F,22,1,8
574,1972 Winter,Luge,M,61,2,13
575,1972 Winter,Nordic Combined,M,40,1,14
576,1972 Winter,Ski Jumping,M,62,2,16
577,1972 Winter,Speed Skating,F,51,4,12
578,1972 Winter,Speed Skating,M,67,4,16
579,1976 Summer,Archery,F,27,1,16
580,1976 Summer,Archery,M,37,1,23
581,1976 Summer,Athletics,F,303,14,49
582,1976 Summer,Athletics,M,703,23,72
583,1976 Summer,Basketball,F,72,1,6
584,1976 Summer,Basketball,M,141,1,12
585,1976 Summer,Boxing,M,266,11,54
586,1976 Summer,Canoeing,F,39,2,16
587,1976 Summer,Canoeing,M,206,9,27
588,1976 Summer,Cycling,M,295,6,49
589,1976 Summer,Diving,F,39,2,17
590,1976 Summer,Diving,M,41,2,18
591,1976 Summer,Equestrianism,F,24,6,9
592,1976 Summer,Equestrianism,M,111,6,23
593,1976 Summer,Fencing,F,70,2,20
594,1976 Summer,Fencing,M,211,6,32
595,1976 Summer,Football,M,202,1,13
596,1976 Summer,Gymnastics,F,86,6,18
597,1976 Summer,Gymnastics,M,90,8,20
598,1976 Summer,Handball,F,82,1,6
599,1976 Summer,Handball,M,161,1,12
600,1976 Summer,Hockey,M,172,1,11
601,1976 Summer,Judo,M,136,6,46
602,1976 Summer,Modern Pentathlon,M,47,2,17
603,1976 Summer,Rowing,F,205,6,16
604,1976 Summer,Rowing,M,388,8,30
605,1976 Summer,Sailing,F,1,1,1
606,1976 Summer,Sailing,M,256,6,40
607,1976 Summer,Shooting,F,8,4,6
608,1976 Summer,Shooting,M,336,7,60
609,1976 Summer,Swimming,F,208,13,35
610,1976 Summer,Swimming,M,263,13,47
611,1976 Summer,Volleyball,F,96,1,8
612,1976 Summer,Volleyball,M,120,1,10
613,1976 Summer,Water Polo,M,131,1,12
614,1976 Summer,Weightlifting,M,173,9,46
615,1976 Summer,Wrestling,M,330,20,41
616,1976 Winter,Alpine Skiing,F,56,3,17
617,1976 Winter,Alpine Skiing,M,125,3,31
618,1976 Winter,Biathlon,M,74,2,18
619,1976 Winter,Bobsleigh,M,92,2,13
620,1976 Winter,Cross Country Skiing,F,51,3,14
621,1976 Winter,Cross Country Skiing,M,113,4,23
622,1976 Winter,Figure Skating,F,53,3,16
623,1976 Winter,Figure Skating,M,52,3,16
624,1976 Winter,Ice Hockey,M,217,1,12
625,1976 Winter,Luge,F,26,1,12
626,1976 Winter,Luge,M,68,2,15
627,1976 Winter,Nordic Combined,M,34,1,14
628,1976 Winter,Ski Jumping,M,62,2,15
629,1976 Winter,Speed Skating,F,45,4,13
630,1976 Winter,Speed Skating,M,66,5,18
631,1980 Summer,Archery,F,29,1,18
632,1980 Summer,Archery,M,38,1,25
633,1980 Summer,Athletics,F,266,14,42
634,1980 Summer,Athletics,M,694,24,69
635,1980 Summer,Basketball,F,72,1,6
636,1980 Summer,Basketball,M,143,1,12
637,1980 Summer,Boxing,M,271,11,51
638,1980 Summer,Canoeing,F,32,2,13
639,1980 Summer,Canoeing,M,148,9,23
640,1980 Summer,Cycling,M,230,6,34
641,1980 Summer,Diving,F,33,2,14
642,1980 Summer,Diving,M,34,2,18
643,1980 Summer,Equestrianism,F,9,5,6
644,1980 Summer,Equestrianism,M,59,6,10
645,1980 Summer,Fencing,F,51,2,14
646,1980 Summer,Fencing,M,136,6,19
647,1980 Summer,Football,M,256,1,16
648,1980 Summer,Gymnastics,F,62,6,16
649,1980 Summer,Gymnastics,M,65,8,14
650,1980 Summer,Handball,F,82,1,6
651,1980 Summer,Handball,M,166,1,12
652,1980 Summer,Hockey,F,91,1,6
653,1980 Summer,Hockey,M,96,1,6
654,1980 Summer,Judo,M,182,8,42
655,1980 Summer,Modern Pentathlon,M,43,2,17
656,1980 Summer,Rowing,F,157,6,12
657,1980 Summer,Rowing,M,313,8,24
658,1980 Summer,Sailing,F,1,1,1
659,1980 Summer,Sailing,M,155,6,23
660,1980 Summer,Shooting,F,5,3,5
661,1980 Summer,Shooting,M,234,7,38
662,1980 Summer,Swimming,F,143,13,30
663,1980 Summer,Swimming,M,190,13,39
664,1980 Summer,Volleyball,F,90,1,8
665,1980 Summer,Volleyball,M,114,1,10
666,1980 Summer,Water Polo,M,132,1,12
667,1980 Summer,Weightlifting,M,172,10,39
668,1980 Summer,Wrestling,M,266,20,35
669,1980 Winter,Alpine Skiing,F,66,3,21
670,1980 Winter,Alpine Skiing,M,108,3,30
671,1980 Winter,Biathlon,M,76,3,18
672,1980 Winter,Bobsleigh,M,78,2,11
673,1980 Winter,Cross Country Skiing,F,45,3,12
674,1980 Winter,Cross Country Skiing,M,85,4,22
675,1980 Winter,Figure Skating,F,44,3,18
676,1980 Winter,Figure Skating,M,40,3,14
677,1980 Winter,Ice Hockey,M,239,1,12
678,1980 Winter,Luge,F,26,1,11
679,1980 Winter,Luge,M,54,2,14
680,1980 Winter,Nordic Combined,M,31,1,9
681,1980 Winter,Ski Jumping,M,55,2,16
682,1980 Winter,Speed Skating,F,54,4,16
683,1980 Winter,Speed Skating,M,74,5,19
684,1984 Summer,Archery,F,47,1,24
685,1984 Summer,Archery,M,62,1,31
686,1984 Summer,Athletics,F,385,17,79
687,1984 Summer,Athletics,M,895,24,121
688,1984 Summer,Basketball,F,71,1,6
689,1984 Summer,Basketball,M,142,1,12
690,1984 Summer,Boxing,M,354,12,81
691,1984 Summer,Canoeing,F,37,3,12
692,1984 Summer,Canoeing,M,158,9,28
693,1984 Summer,Cycling,F,45,1,16
694,1984 Summer,Cycling,M,314,7,53
695,1984 Summer,Diving,F,35,2,19
696,1984 Summer,Diving,M,45,2,21
697,1984 Summer,Equestrianism,F,47,6,19
698,1984 Summer,Equestrianism,M,110,6,27
699,1984 Summer,Fencing,F,60,2,18
700,1984 Summer,Fencing,M,202,6,35
701,1984 Summer,Football,M,246,1,16
702,1984 Summer,Gymnastics,F,65,6,16
703,1984 Summer,Gymnastics,M,71,8,19
704,1984 Summer,Handball,F,82,1,6
705,1984 Summer,Handball,M,177,1,12
706,1984 Summer,Hockey,F,96,1,6
707,1984 Summer,Hockey,M,190,1,12
708,1984 Summer,Judo,M,212,8,61
709,1984 Summer,Modern Pentathlon,M,52,2,18
710,1984 Summer,Rhythmic Gymnastics,F,33,1,20
711,1984 Summer,Rowing,F,161,6,18
712,1984 Summer,Rowing,M,286,8,29
713,1984 Summer,Sailing,F,2,2,2
714,1984 Summer,Sailing,M,298,7,60
715,1984 Summer,Shooting,F,77,4,29
716,1984 Summer,Shooting,M,383,8,67
717,1984 Summer,Swimming,F,186,14,39
718,1984 Summer,Swimming,M,308,15,63
719,1984 Summer,Synchronized Swimming,F,50,2,21
720,1984 Summer,Volleyball,F,90,1,8
721,1984 Summer,Volleyball,M,118,1,10
722,1984 Summer,Water Polo,M,153,1,12
723,1984 Summer,Weightlifting,M,186,10,48
724,1984 Summer,Wrestling,M,267,20,44
725,1984 Winter,Alpine Skiing,F,76,3,22
726,1984 Winter,Alpine Skiing,M,149,3,40
727,1984 Winter,Biathlon,M,95,3,25
728,1984 Winter,Bobsleigh,M,111,2,16
729,1984 Winter,Cross Country Skiing,F,65,4,15
730,1984 Winter,Cross Country Skiing,M,114,4,31
731,1984 Winter,Figure Skating,F,57,3,19
732,1984 Winter,Figure Skating,M,57,3,18
733,1984 Winter,Ice Hockey,M,239,1,12
734,1984 Winter,Luge,F,27,1,15
735,1984 Winter,Luge,M,54,2,16
736,1984 Winter,Nordic Combined,M,28,1,11
737,1984 Winter,Ski Jumping,M,65,2,17
738,1984 Winter,Speed Skating,F,52,4,17
739,1984 Winter,Speed Skating,M,87,5,21
740,1988 Summer,Archery,F,62,2,30
741,1988 Summer,Archery,M,84,2,34
742,1988 Summer,Athletics,F,555,18,98
743,1988 Summer,Athletics,M,1062,24,139
744,1988 Summer,Basketball,F,93,1,8
745,1988 Summer,Basketball,M,143,1,12
746,1988 Summer,Boxing,M,432,12,106
747,1988 Summer,Canoeing,F,64,3,18
748,1988 Summer,Canoeing,M,210,9,31
749,1988 Summer,Cycling,F,64,2,23
750,1988 Summer,Cycling,M,358,7,61
751,1988 Summer,Diving,F,40,2,20
752,1988 Summer,Diving,M,49,2,24
753,1988 Summer,Equestrianism,F,54,6,19
754,1988 Summer,Equestrianism,M,128,6,31
755,1988 Summer,Fencing,F,69,2,19
756,1988 Summer,Fencing,M,248,6,40
757,1988 Summer,Football,M,270,1,16
758,1988 Summer,Gymnastics,F,90,6,23
759,1988 Summer,Gymnastics,M,89,8,23
760,1988 Summer,Handball,F,111,1,8
761,1988 Summer,Handball,M,170,1,12
762,1988 Summer,Hockey,F,124,1,8
763,1988 Summer,Hockey,M,190,1,12
764,1988 Summer,Judo,M,243,7,69
765,1988 Summer,Modern Pentathlon,M,65,2,26
766,1988 Summer,Rhythmic Gymnastics,F,39,1,23
767,1988 Summer,Rowing,F,194,6,20
768,1988 Summer,Rowing,M,399,8,37
769,1988 Summer,Sailing,F,44,2,21
770,1988 Summer,Sailing,M,331,7,60
771,1988 Summer,Shooting,F,111,6,40
772,1988 Summer,Shooting,M,285,9,60
773,1988 Summer,Swimming,F,252,15,53
774,1988 Summer,Swimming,M,381,16,71
775,1988 Summer,Synchronized Swimming,F,46,2,18
776,1988 Summer,Table Tennis,F,48,2,28
777,1988 Summer,Table Tennis,M,81,2,35
778,1988 Summer,Tennis,F,48,2,26
779,1988 Summer,Tennis,M,81,2,36
780,1988 Summer,Volleyball,F,95,1,8
781,1988 Summer,Volleyball,M,144,1,12
782,1988 Summer,Water Polo,M,156,1,12
783,1988 Summer,Weightlifting,M,226,10,62
784,1988 Summer,Wrestling,M,429,20,69
785,1988 Winter,Alpine Skiing,F,95,5,28
786,1988 Winter,Alpine Skiing,M,177,5,39
787,1988 Winter,Biathlon,M,90,3,22
788,1988 Winter,Bobsleigh,M,135,2,23
789,1988 Winter,Cross Country Skiing,F,77,4,18
790,1988 Winter,Cross Country Skiing,M,121,4,33
791,1988 Winter,Figure Skating,F,66,3,25
792,1988 Winter,Figure Skating,M,63,3,23
793,1988 Winter,Ice Hockey,M,265,1,12
794,1988 Winter,Luge,F,24,1,14
795,1988 Winter,Luge,M,66,2,19
796,1988 Winter,Nordic Combined,M,44,2,13
797,1988 Winter,Ski Jumping,M,65,3,19
798,1988 Winter,Speed Skating,F,53,5,17
799,1988 Winter,Speed Skating,M,88,5,21
800,1992 Summer,Archery,F,61,2,27
801,1992 Summer,Archery,M,75,2,34
802,1992 Summer,Athletics,F,622,19,103
803,1992 Summer,Athletics,M,1104,24,151
804,1992 Summer,Badminton,F,84,2,27
805,1992 Summer,Badminton,M,93,2,32
806,1992 Summer,Baseball,M,160,1,8
807,1992 Summer,Basketball,F,94,1,8
808,1992 Summer,Basketball,M,142,1,12
809,1992 Summer,Boxing,M,336,12,78
810,1992 Summer,Canoeing,F,105,4,24
811,1992 Summer,Canoeing,M,335,12,45
812,1992 Summer,Cycling,F,75,3,30
813,1992 Summer,Cycling,M,376,7,74
814,1992 Summer,Diving,F,54,2,22
815,1992 Summer,Diving,M,46,2,23
816,1992 Summer,Equestrianism,F,67,6,21
817,1992 Summer,Equestrianism,M,148,6,32
818,1992 Summer,Fencing,F,71,2,19
819,1992 Summer,Fencing,M,234,6,39
820,1992 Summer,Football,M,272,1,16
821,1992 Summer,Gymnastics,F,92,6,24
822,1992 Summer,Gymnastics,M,93,8,25
823,1992 Summer,Handball,F,113,1,8
824,1992 Summer,Handball,M,179,1,12
825,1992 Summer,Hockey,F,125,1,8
826,1992 Summer,Hockey,M,189,1,12
827,1992 Summer,Judo,F,163,7,53
828,1992 Summer,Judo,M,270,7,88
829,1992 Summer,Modern Pentathlon,M,66,2,30
830,1992 Summer,Rhythmic Gymnastics,F,42,1,23
831,1992 Summer,Rowing,F,190,6,25
832,1992 Summer,Rowing,M,437,8,43
833,1992 Summer,Sailing,F,84,5,38
834,1992 Summer,Sailing,M,357,7,66
835,1992 Summer,Shooting,F,117,6,45
836,1992 Summer,Shooting,M,290,9,76
837,1992 Summer,Swimming,F,256,15,62
838,1992 Summer,Swimming,M,385,16,86
839,1992 Summer,Synchronized Swimming,F,53,2,22
840,1992 Summer,Table Tennis,F,79,2,38
841,1992 Summer,Table Tennis,M,80,2,37
842,1992 Summer,Tennis,F,87,2,34
843,1992 Summer,Tennis,M,90,2,39
844,1992 Summer,Volleyball,F,89,1,8
845,1992 Summer,Volleyball,M,142,1,12
846,1992 Summer,Water Polo,M,152,1,12
847,1992 Summer,Weightlifting,M,244,10,69
848,1992 Summer,Wrestling,M,370,20,59
849,1992 Winter,Alpine Skiing,F,111,5,35
850,1992 Winter,Alpine Skiing,M,210,5,49
851,1992 Winter,Biathlon,F,80,3,20
852,1992 Winter,Biathlon,M,116,3,27
853,1992 Winter,Bobsleigh,M,159,2,25
854,1992 Winter,Cross Country Skiing,F,84,5,22
855,1992 Winter,Cross Country Skiing,M,139,5,39
856,1992 Winter,Figure Skating,F,66,3,25
857,1992 Winter,Figure Skating,M,67,3,25
858,1992 Winter,Freestyle Skiing,F,24,1,11
859,1992 Winter,Freestyle Skiing,M,47,1,17
860,1992 Winter,Ice Hockey,M,267,1,12
861,1992 Winter,Luge,F,24,1,12
862,1992 Winter,Luge,M,65,2,21
863,1992 Winter,Nordic Combined,M,46,2,12
864,1992 Winter,Short Track Speed Skating,F,42,2,14
865,1992 Winter,Short Track Speed Skating,M,44,2,16
866,1992 Winter,Ski Jumping,M,63,3,17
867,1992 Winter,Speed Skating,F,59,5,16
868,1992 Winter,Speed Skating,M,95,5,23
869,1994 Winter,Alpine Skiing,F,110,5,29
870,1994 Winter,Alpine Skiing,M,140,5,39
871,1994 Winter,Biathlon,F,94,3,28
872,1994 Winter,Biathlon,M,99,3,28
873,1994 Winter,Bobsleigh,M,155,2,30
874,1994 Winter,Cross Country Skiing,F,80,5,19
875,1994 Winter,Cross Country Skiing,M,117,5,33
876,1994 Winter,Figure Skating,F,66,3,23
877,1994 Winter,Figure Skating,M,63,3,25
878,1994 Winter,Freestyle Skiing,F,45,2,18
879,1994 Winter,Freestyle Skiing,M,52,2,20
880,1994 Winter,Ice Hockey,M,268,1,12
881,1994 Winter,Luge,F,25,1,14
882,1994 Winter,Luge,M,67,2,24
883,1994 Winter,Nordic Combined,M,53,2,16
884,1994 Winter,Short Track Speed Skating,F,41,3,15
885,1994 Winter,Short Track Speed Skating,M,46,3,16
886,1994 Winter,Ski Jumping,M,68,3,19
887,1994 Winter,Speed Skating,F,61,5,17
888,1994 Winter,Speed Skating,M,89,5,19
889,1996 Summer,Archery,F,64,2,29
890,1996 Summer,Archery,M,64,2,31
891,1996 Summer,Athletics,F,755,20,142
892,1996 Summer,Athletics,M,1302,24,180
893,1996 Summer,Badminton,F,96,3,32
894,1996 Summer,Badminton,M,96,3,30
895,1996 Summer,Baseball,M,160,1,8
896,1996 Summer,Basketball,F,143,1,12
897,1996 Summer,Basketball,M,141,1,12
898,1996 Summer,Beach Volleyball,F,36,1,13
899,1996 Summer,Beach Volleyball,M,48,1,19
900,1996 Summer,Boxing,M,355,12,97
901,1996 Summer,Canoeing,F,121,4,32
902,1996 Summer,Canoeing,M,330,12,52
903,1996 Summer,Cycling,F,111,6,36
904,1996 Summer,Cycling,M,366,8,64
905,1996 Summer,Diving,F,56,2,29
906,1996 Summer,Diving,M,66,2,35
907,1996 Summer,Equestrianism,F,66,6,19
908,1996 Summer,Equestrianism,M,153,6,27
909,1996 Summer,Fencing,F,88,4,31
910,1996 Summer,Fencing,M,136,6,36
911,1996 Summer,Football,F,124,1,8
912,1996 Summer,Football,M,264,1,16
913,1996 Summer,Gymnastics,F,105,6,28
914,1996 Summer,Gymnastics,M,111,8,31
915,1996 Summer,Handball,F,118,1,8
916,1996 Summer,Handball,M,182,1,12
917,1996 Summer,Hockey,F,128,1,8
918,1996 Summer,Hockey,M,192,1,12
919,1996 Summer,Judo,F,151,7,49
920,1996 Summer,Judo,M,236,7,82
921,1996 Summer,Modern Pentathlon,M,32,1,22
922,1996 Summer,Rhythmic Gymnastics,F,90,2,22
923,1996 Summer,Rowing,F,205,6,32
924,1996 Summer,Rowing,M,403,8,43
925,1996 Summer,Sailing,F,100,4,42
926,1996 Summer,Sailing,M,358,7,77
927,1996 Summer,Shooting,F,125,5,44
928,1996 Summer,Shooting,M,293,10,91
929,1996 Summer,Softball,F,120,1,8
930,1996 Summer,Swimming,F,342,16,80
931,1996 Summer,Swimming,M,417,16,109
932,1996 Summer,Synchronized Swimming,F,72,1,8
933,1996 Summer,Table Tennis,F,81,2,37
934,1996 Summer,Table Tennis,M,85,2,39
935,1996 Summer,Tennis,F,83,2,37
936,1996 Summer,Tennis,M,93,2,42
937,1996 Summer,Volleyball,F,134,1,12
938,1996 Summer,Volleyball,M,141,1,12
939,1996 Summer,Water Polo,M,153,1,12
940,1996 Summer,Weightlifting,M,243,10,77
941,1996 Summer,Wrestling,M,401,20,75
942,1998 Winter,Alpine Skiing,F,108,5,34
943,1998 Winter,Alpine Skiing,M,141,5,44
944,1998 Winter,Biathlon,F,87,3,24
945,1998 Winter,Biathlon,M,96,3,30
946,1998 Winter,Bobsleigh,M,156,2,28
947,1998 Winter,Cross Country Skiing,F,102,5,27
948,1998 Winter,Cross Country Skiing,M,125,5,35
949,1998 Winter,Curling,F,40,1,8
950,1998 Winter,Curling,M,40,1,8
951,1998 Winter,Figure Skating,F,72,3,28
952,1998 Winter,Figure Skating,M,73,3,30
953,1998 Winter,Freestyle Skiing,F,52,2,21
954,1998 Winter,Freestyle Skiing,M,58,2,19
955,1998 Winter,Ice Hockey,F,120,1,6
956,1998 Winter,Ice Hockey,M,306,1,14
957,1998 Winter,Luge,F,29,1,15
958,1998 Winter,Luge,M,64,2,20
959,1998 Winter,Nordic Combined,M,53,2,14
960,1998 Winter,Short Track Speed Skating,F,44,3,13
961,1998 Winter,Short Track Speed Skating,M,49,3,16
962,1998 Winter,Ski Jumping,M,68,3,19
963,1998 Winter,Snowboarding,F,56,2,17
964,1998 Winter,Snowboarding,M,69,2,18
965,1998 Winter,Speed Skating,F,79,5,18
966,1998 Winter,Speed Skating,M,92,5,23
967,2000 Summer,Archery,F,64,2,34
968,2000 Summer,Archery,M,64,2,32
969,2000 Summer,Athletics,F,880,22,171
970,2000 Summer,Athletics,M,1257,24,191
971,2000 Summer,Badminton,F,85,3,24
972,2000 Summer,Badminton,M,86,3,25
973,2000 Summer,Baseball,M,192,1,8
974,2000 Summer,Basketball,F,142,1,12
975,2000 Summer,Basketball,M,144,1,12
976,2000 Summer,Beach Volleyball,F,48,1,15
977,2000 Summer,Beach Volleyball,M,48,1,17
978,2000 Summer,Boxing,M,307,12,75
979,2000 Summer,Canoeing,F,81,4,26
980,2000 Summer,Canoeing,M,249,12,46
981,2000 Summer,Cycling,F,121,7,34
982,2000 Summer,Cycling,M,341,11,49
983,2000 Summer,Diving,F,77,4,33
984,2000 Summer,Diving,M,80,4,38
985,2000 Summer,Equestrianism,F,67,6,23
986,2000 Summer,Equestrianism,M,128,6,30
987,2000 Summer,Fencing,F,83,4,29
988,2000 Summer,Fencing,M,134,6,33
989,2000 Summer,Football,F,124,1,8
990,2000 Summer,Football,M,267,1,16
991,2000 Summer,Gymnastics,F,97,6,32
992,2000 Summer,Gymnastics,M,97,8,32
993,2000 Summer,Handball,F,146,1,10
994,2000 Summer,Handball,M,177,1,12
995,2000 Summer,Hockey,F,159,1,10
996,2000 Summer,Hockey,M,191,1,12
997,2000 Summer,Judo,F,161,7,61
998,2000 Summer,Judo,M,237,7,76
999,2000 Summer,Modern Pentathlon,F,24,1,18
1000,2000 Summer,Modern Pentathlon,M,24,1,19
1001,2000 Summer,Rhythmic Gymnastics,F,84,2,20
1002,2000 Summer,Rowing,F,184,6,32
1003,2000 Summer,Rowing,M,363,8,48
1004,2000 Summer,Sailing,F,95,4,44
1005,2000 Summer,Sailing,M,307,8,65
1006,2000 Summer,Shooting,F,146,7,59
1007,2000 Summer,Shooting,M,262,10,84
1008,2000 Summer,Softball,F,120,1,8
1009,2000 Summer,Swimming,F,396,16,118
1010,2000 Summer,Swimming,M,558,16,147
1011,2000 Summer,Synchronized Swimming,F,101,2,24
1012,2000 Summer,Table Tennis,F,85,2,33
1013,2000 Summer,Table Tennis,M,86,2,37
1014,2000 Summer,Taekwondo,F,48,4,32
1015,2000 Summer,Taekwondo,M,54,4,38
1016,2000 Summer,Tennis,F,89,2,39
1017,2000 Summer,Tennis,M,93,2,38
1018,2000 Summer,Trampolining,F,12,1,12
1019,2000 Summer,Trampolining,M,12,1,12
1020,2000 Summer,Triathlon,F,48,1,24
1021,2000 Summer,Triathlon,M,52,1,27
1022,2000 Summer,Volleyball,F,138,1,12
1023,2000 Summer,Volleyball,M,141,1,12
1024,2000 Summer,Water Polo,F,78,1,6
1025,2000 Summer,Water Polo,M,153,1,12
1026,2000 Summer,Weightlifting,F,85,7,47
1027,2000 Summer,Weightlifting,M,161,8,63
1028,2000 Summer,Wrestling,M,314,16,55
1029,2002 Winter,Alpine Skiing,F,121,5,39
1030,2002 Winter,Alpine Skiing,M,157,5,49
1031,2002 Winter,Biathlon,F,88,4,27
1032,2002 Winter,Biathlon,M,102,4,34
1033,2002 Winter,Bobsleigh,F,30,1,11
1034,2002 Winter,Bobsleigh,M,165,2,33
1035,2002 Winter,Cross Country Skiing,F,107,6,29
1036,2002 Winter,Cross Country Skiing,M,153,6,44
1037,2002 Winter,Curling,F,47,1,10
1038,2002 Winter,Curling,M,49,1,10
1039,2002 Winter,Figure Skating,F,71,3,28
1040,2002 Winter,Figure Skating,M,72,3,28
1041,2002 Winter,Freestyle Skiing,F,50,2,17
1042,2002 Winter,Freestyle Skiing,M,55,2,18
1043,2002 Winter,Ice Hockey,F,156,1,8
1044,2002 Winter,Ice Hockey,M,312,1,14
1045,2002 Winter,Luge,F,29,1,15
1046,2002 Winter,Luge,M,81,2,24
1047,2002 Winter,Nordic Combined,M,54,3,14
1048,2002 Winter,Short Track Speed Skating,F,50,4,17
1049,2002 Winter,Short Track Speed Skating,M,60,4,20
1050,2002 Winter,Skeleton,F,13,1,10
1051,2002 Winter,Skeleton,M,26,1,18
1052,2002 Winter,Ski Jumping,M,73,3,22
1053,2002 Winter,Snowboarding,F,53,2,16
1054,2002 Winter,Snowboarding,M,65,2,15
1055,2002 Winter,Speed Skating,F,71,5,17
1056,2002 Winter,Speed Skating,M,95,5,20
1057,2004 Summer,Archery,F,64,2,31
1058,2004 Summer,Archery,M,64,2,35
1059,2004 Summer,Athletics,F,916,22,173
1060,2004 Summer,Athletics,M,1079,24,192
1061,2004 Summer,Badminton,F,83,3,25
1062,2004 Summer,Badminton,M,89,3,29
1063,2004 Summer,Baseball,M,191,1,8
1064,2004 Summer,Basketball,F,143,1,12
1065,2004 Summer,Basketball,M,144,1,12
1066,2004 Summer,Beach Volleyball,F,48,1,17
1067,2004 Summer,Beach Volleyball,M,48,1,17
1068,2004 Summer,Boxing,M,280,11,72
1069,2004 Summer,Canoeing,F,94,4,33
1070,2004 Summer,Canoeing,M,234,12,48
1071,2004 Summer,Cycling,F,130,7,42
1072,2004 Summer,Cycling,M,334,11,57
1073,2004 Summer,Diving,F,65,4,25
1074,2004 Summer,Diving,M,64,4,23
1075,2004 Summer,Equestrianism,F,66,6,22
1076,2004 Summer,Equestrianism,M,137,6,37
1077,2004 Summer,Fencing,F,93,4,31
1078,2004 Summer,Fencing,M,129,6,34
1079,2004 Summer,Football,F,166,1,10
1080,2004 Summer,Football,M,259,1,16
1081,2004 Summer,Gymnastics,F,98,6,32
1082,2004 Summer,Gymnastics,M,98,8,31
1083,2004 Summer,Handball,F,149,1,10
1084,2004 Summer,Handball,M,179,1,12
1085,2004 Summer,Hockey,F,160,1,10
1086,2004 Summer,Hockey,M,192,1,12
1087,2004 Summer,Judo,F,157,7,58
1088,2004 Summer,Judo,M,227,7,75
1089,2004 Summer,Modern Pentathlon,F,32,1,21
1090,2004 Summer,Modern Pentathlon,M,32,1,21
1091,2004 Summer,Rhythmic Gymnastics,F,84,2,21
1092,2004 Summer,Rowing,F,193,6,38
1093,2004 Summer,Rowing,M,364,8,49
1094,2004 Summer,Sailing,F,139,4,38
1095,2004 Summer,Sailing,M,261,7,59
1096,2004 Summer,Shooting,F,137,7,54
1097,2004 Summer,Shooting,M,252,10,87
1098,2004 Summer,Softball,F,118,1,8
1099,2004 Summer,Swimming,F,393,16,115
1100,2004 Summer,Swimming,M,544,16,144
1101,2004 Summer,Synchronized Swimming,F,101,2,24
1102,2004 Summer,Table Tennis,F,86,2,36
1103,2004 Summer,Table Tennis,M,86,2,39
1104,2004 Summer,Taekwondo,F,60,4,42
1105,2004 Summer,Taekwondo,M,64,4,45
1106,2004 Summer,Tennis,F,83,2,32
1107,2004 Summer,Tennis,M,87,2,37
1108,2004 Summer,Trampolining,F,16,1,14
1109,2004 Summer,Trampolining,M,16,1,14
1110,2004 Summer,Triathlon,F,50,1,25
1111,2004 Summer,Triathlon,M,49,1,25
1112,2004 Summer,Volleyball,F,140,1,12
1113,2004 Summer,Volleyball,M,143,1,12
1114,2004 Summer,Water Polo,F,101,1,8
1115,2004 Summer,Water Polo,M,154,1,12
1116,2004 Summer,Weightlifting,F,85,7,44
1117,2004 Summer,Weightlifting,M,164,8,66
1118,2004 Summer,Wrestling,F,50,4,21
1119,2004 Summer,Wrestling,M,292,14,63
1120,2006 Winter,Alpine Skiing,F,119,5,42
1121,2006 Winter,Alpine Skiing,M,168,5,58
1122,2006 Winter,Biathlon,F,97,5,28
1123,2006 Winter,Biathlon,M,107,5,36
1124,2006 Winter,Bobsleigh,F,32,1,10
1125,2006 Winter,Bobsleigh,M,118,2,22
1126,2006 Winter,Cross Country Skiing,F,124,6,34
1127,2006 Winter,Cross Country Skiing,M,183,6,53
1128,2006 Winter,Curling,F,46,1,10
1129,2006 Winter,Curling,M,45,1,10
1130,2006 Winter,Figure Skating,F,73,3,28
1131,2006 Winter,Figure Skating,M,74,3,30
1132,2006 Winter,Freestyle Skiing,F,53,2,19
1133,2006 Winter,Freestyle Skiing,M,63,2,17
1134,2006 Winter,Ice Hockey,F,160,1,8
1135,2006 Winter,Ice Hockey,M,282,1,12
1136,2006 Winter,Luge,F,30,1,15
1137,2006 Winter,Luge,M,78,2,22
1138,2006 Winter,Nordic Combined,M,59,3,15
1139,2006 Winter,Short Track Speed Skating,F,52,4,20
1140,2006 Winter,Short Track Speed Skating,M,54,4,17
1141,2006 Winter,Skeleton,F,15,1,12
1142,2006 Winter,Skeleton,M,27,1,19
1143,2006 Winter,Ski Jumping,M,79,3,21
1144,2006 Winter,Snowboarding,F,79,3,22
1145,2006 Winter,Snowboarding,M,108,3,20
1146,2006 Winter,Speed Skating,F,77,6,16
1147,2006 Winter,Speed Skating,M,97,6,16
1148,2008 Summer,Archery,F,64,2,35
1149,2008 Summer,Archery,M,64,2,37
1150,2008 Summer,Athletics,F,973,23,181
1151,2008 Summer,Athletics,M,1082,24,195
1152,2008 Summer,Badminton,F,86,3,45
1153,2008 Summer,Badminton,M,87,3,37
1154,2008 Summer,Baseball,M,191,1,8
1155,2008 Summer,Basketball,F,143,1,12
1156,2008 Summer,Basketball,M,144,1,12
1157,2008 Summer,Beach Volleyball,F,48,1,17
1158,2008 Summer,Beach Volleyball,M,48,1,18
1159,2008 Summer,Boxing,M,283,11,77
1160,2008 Summer,Canoeing,F,95,4,34
1161,2008 Summer,Canoeing,M,235,12,55
1162,2008 Summer,Cycling,F,147,7,42
1163,2008 Summer,Cycling,M,361,11,63
1164,2008 Summer,Diving,F,73,4,25
1165,2008 Summer,Diving,M,67,4,24
1166,2008 Summer,Equestrianism,F,73,6,27
1167,2008 Summer,Equestrianism,M,120,6,38
1168,2008 Summer,Fencing,F,116,5,33
1169,2008 Summer,Fencing,M,118,5,36
1170,2008 Summer,Football,F,195,1,12
1171,2008 Summer,Football,M,274,1,16
1172,2008 Summer,Gymnastics,F,98,6,35
1173,2008 Summer,Gymnastics,M,98,8,35
1174,2008 Summer,Handball,F,171,1,12
1175,2008 Summer,Handball,M,172,1,12
1176,2008 Summer,Hockey,F,191,1,12
1177,2008 Summer,Hockey,M,196,1,12
1178,2008 Summer,Judo,F,156,7,53
1179,2008 Summer,Judo,M,230,7,81
1180,2008 Summer,Modern Pentathlon,F,36,1,23
1181,2008 Summer,Modern Pentathlon,M,36,1,22
1182,2008 Summer,Rhythmic Gymnastics,F,95,2,21
1183,2008 Summer,Rowing,F,191,6,38
1184,2008 Summer,Rowing,M,364,8,53
1185,2008 Summer,Sailing,F,139,5,43
1186,2008 Summer,Sailing,M,261,7,57
1187,2008 Summer,Shooting,F,145,6,54
1188,2008 Summer,Shooting,M,245,9,85
1189,2008 Summer,Softball,F,120,1,8
1190,2008 Summer,Swimming,F,453,17,128
1191,2008 Summer,Swimming,M,569,17,152
1192,2008 Summer,Synchronized Swimming,F,102,2,24
1193,2008 Summer,Table Tennis,F,85,2,42
1194,2008 Summer,Table Tennis,M,86,2,44
1195,2008 Summer,Taekwondo,F,63,4,45
1196,2008 Summer,Taekwondo,M,63,4,45
1197,2008 Summer,Tennis,F,83,2,33
1198,2008 Summer,Tennis,M,86,2,36
1199,2008 Summer,Trampolining,F,16,1,13
1200,2008 Summer,Trampolining,M,16,1,13
1201,2008 Summer,Triathlon,F,55,1,30
1202,2008 Summer,Triathlon,M,55,1,31
1203,2008 Summer,Volleyball,F,140,1,12
1204,2008 Summer,Volleyball,M,143,1,12
1205,2008 Summer,Water Polo,F,103,1,8
1206,2008 Summer,Water Polo,M,153,1,12
1207,2008 Summer,Weightlifting,F,87,7,47
1208,2008 Summer,Weightlifting,M,166,8,68
1209,2008 Summer,Wrestling,F,66,4,30
1210,2008 Summer,Wrestling,M,277,14,55
1211,2010 Winter,Alpine Skiing,F,133,5,51
1212,2010 Winter,Alpine Skiing,M,176,5,66
1213,2010 Winter,Biathlon,F,99,5,31
1214,2010 Winter,Biathlon,M,105,5,32
1215,2010 Winter,Bobsleigh,F,42,1,13
1216,2010 Winter,Bobsleigh,M,117,2,21
1217,2010 Winter,Cross Country Skiing,F,129,6,42
1218,2010 Winter,Cross Country Skiing,M,163,6,52
1219,2010 Winter,Curling,F,46,1,10
1220,2010 Winter,Curling,M,47,1,10
1221,2010 Winter,Figure Skating,F,73,3,27
1222,2010 Winter,Figure Skating,M,73,3,26
1223,2010 Winter,Freestyle Skiing,F,85,3,25
1224,2010 Winter,Freestyle Skiing,M,87,3,19
1225,2010 Winter,Ice Hockey,F,160,1,8
1226,2010 Winter,Ice Hockey,M,260,1,12
1227,2010 Winter,Luge,F,29,1,14
1228,2010 Winter,Luge,M,78,2,23
1229,2010 Winter,Nordic Combined,M,52,3,14
1230,2010 Winter,Short Track Speed Skating,F,55,4,19
1231,2010 Winter,Short Track Speed Skating,M,54,4,19
1232,2010 Winter,Skeleton,F,19,1,11
1233,2010 Winter,Skeleton,M,28,1,17
1234,2010 Winter,Ski Jumping,M,68,3,18
1235,2010 Winter,Snowboarding,F,81,3,24
1236,2010 Winter,Snowboarding,M,104,3,25
1237,2010 Winter,Speed Skating,F,83,6,18
1238,2010 Winter,Speed Skating,M,94,6,18
1239,2012 Summer,Archery,F,64,2,40
1240,2012 Summer,Archery,M,64,2,40
1241,2012 Summer,Athletics,F,990,23,189
1242,2012 Summer,Athletics,M,1088,24,197
1243,2012 Summer,Badminton,F,86,3,43
1244,2012 Summer,Badminton,M,86,3,38
1245,2012 Summer,Basketball,F,143,1,12
1246,2012 Summer,Basketball,M,144,1,12
1247,2012 Summer,Beach Volleyball,F,48,1,17
1248,2012 Summer,Beach Volleyball,M,48,1,19
1249,2012 Summer,Boxing,F,36,3,23
1250,2012 Summer,Boxing,M,247,10,75
1251,2012 Summer,Canoeing,F,111,5,39
1252,2012 Summer,Canoeing,M,221,11,52
1253,2012 Summer,Cycling,F,180,9,45
1254,2012 Summer,Cycling,M,321,9,69
1255,2012 Summer,Diving,F,68,4,21
1256,2012 Summer,Diving,M,68,4,23
1257,2012 Summer,Equestrianism,F,77,6,26
1258,2012 Summer,Equestrianism,M,122,6,34
1259,2012 Summer,Fencing,F,123,5,31
1260,2012 Summer,Fencing,M,121,5,36
1261,2012 Summer,Football,F,200,1,12
1262,2012 Summer,Football,M,267,1,16
1263,2012 Summer,Gymnastics,F,97,6,47
1264,2012 Summer,Gymnastics,M,98,8,45
1265,2012 Summer,Handball,F,171,1,12
1266,2012 Summer,Handball,M,176,1,12
1267,2012 Summer,Hockey,F,191,1,12
1268,2012 Summer,Hockey,M,195,1,12
1269,2012 Summer,Judo,F,153,7,63
1270,2012 Summer,Judo,M,231,7,107
1271,2012 Summer,Modern Pentathlon,F,36,1,22
1272,2012 Summer,Modern Pentathlon,M,36,1,24
1273,2012 Summer,Rhythmic Gymnastics,F,95,2,24
1274,2012 Summer,Rowing,F,196,6,39
1275,2012 Summer,Rowing,M,353,8,52
1276,2012 Summer,Sailing,F,142,4,48
1277,2012 Summer,Sailing,M,237,6,59
1278,2012 Summer,Shooting,F,159,6,74
1279,2012 Summer,Shooting,M,231,9,78
1280,2012 Summer,Swimming,F,450,17,139
1281,2012 Summer,Swimming,M,481,17,144
1282,2012 Summer,Synchronized Swimming,F,101,2,24
1283,2012 Summer,Table Tennis,F,88,2,45
1284,2012 Summer,Table Tennis,M,86,2,45
1285,2012 Summer,Taekwondo,F,64,4,45
1286,2012 Summer,Taekwondo,M,64,4,48
1287,2012 Summer,Tennis,F,89,3,35
1288,2012 Summer,Tennis,M,95,3,37
1289,2012 Summer,Trampolining,F,16,1,14
1290,2012 Summer,Trampolining,M,16,1,13
1291,2012 Summer,Triathlon,F,55,1,31
1292,2012 Summer,Triathlon,M,55,1,32
1293,2012 Summer,Volleyball,F,143,1,12
1294,2012 Summer,Volleyball,M,144,1,12
1295,2012 Summer,Water Polo,F,102,1,8
1296,2012 Summer,Water Polo,M,155,1,12
1297,2012 Summer,Weightlifting,F,103,7,57
1298,2012 Summer,Weightlifting,M,149,8,70
1299,2012 Summer,Wrestling,F,76,4,43
1300,2012 Summer,Wrestling,M,263,14,59
1301,2014 Winter,Alpine Skiing,F,130,5,55
1302,2014 Winter,Alpine Skiing,M,184,5,69
1303,2014 Winter,Biathlon,F,99,6,33
1304,2014 Winter,Biathlon,M,105,6,31
1305,2014 Winter,Bobsleigh,F,39,1,13
1306,2014 Winter,Bobsleigh,M,133,2,22
1307,2014 Winter,Cross Country Skiing,F,125,6,42
1308,2014 Winter,Cross Country Skiing,M,173,6,52
1309,2014 Winter,Curling,F,43,1,10
1310,2014 Winter,Curling,M,44,1,10
1311,2014 Winter,Figure Skating,F,74,4,25
1312,2014 Winter,Figure Skating,M,75,4,25
1313,2014 Winter,Freestyle Skiing,F,123,5,27
1314,2014 Winter,Freestyle Skiing,M,139,5,23
1315,2014 Winter,Ice Hockey,F,158,1,8
1316,2014 Winter,Ice Hockey,M,285,1,12
1317,2014 Winter,Luge,F,31,2,16
1318,2014 Winter,Luge,M,77,3,22
1319,2014 Winter,Nordic Combined,M,54,3,15
1320,2014 Winter,Short Track Speed Skating,F,50,4,21
1321,2014 Winter,Short Track Speed Skating,M,56,4,20
1322,2014 Winter,Skeleton,F,19,1,11
1323,2014 Winter,Skeleton,M,27,1,16
1324,2014 Winter,Ski Jumping,F,30,1,12
1325,2014 Winter,Ski Jumping,M,66,3,20
1326,2014 Winter,Snowboarding,F,103,5,26
1327,2014 Winter,Snowboarding,M,134,5,26
1328,2014 Winter,Speed Skating,F,83,6,15
1329,2014 Winter,Speed Skating,M,94,6,21
1330,2016 Summer,Archery,F,64,2,40
1331,2016 Summer,Archery,M,64,2,40
1332,2016 Summer,Athletics,F,1084,23,184
1333,2016 Summer,Athletics,M,1185,24,197
1334,2016 Summer,Badminton,F,86,3,37
1335,2016 Summer,Badminton,M,86,3,39
1336,2016 Summer,Basketball,F,140,1,12
1337,2016 Summer,Basketball,M,141,1,12
1338,2016 Summer,Beach Volleyball,F,48,1,17
1339,2016 Summer,Beach Volleyball,M,48,1,16
1340,2016 Summer,Boxing,F,36,3,25
1341,2016 Summer,Boxing,M,247,10,71
1342,2016 Summer,Canoeing,F,112,5,38
1343,2016 Summer,Canoeing,M,218,11,48
1344,2016 Summer,Cycling,F,192,9,49
1345,2016 Summer,Cycling,M,321,9,71
1346,2016 Summer,Diving,F,68,4,22
1347,2016 Summer,Diving,M,68,4,23
1348,2016 Summer,Equestrianism,F,75,6,27
1349,2016 Summer,Equestrianism,M,125,6,35
1350,2016 Summer,Fencing,F,124,5,33
1351,2016 Summer,Fencing,M,121,5,37
1352,2016 Summer,Football,F,203,1,12
1353,2016 Summer,Football,M,270,1,16
1354,2016 Summer,Golf,F,60,1,34
1355,2016 Summer,Golf,M,60,1,34
1356,2016 Summer,Gymnastics,F,98,6,50
1357,2016 Summer,Gymnastics,M,98,8,44
1358,2016 Summer,Handball,F,176,1,12
1359,2016 Summer,Handball,M,177,1,12
1360,2016 Summer,Hockey,F,194,1,12
1361,2016 Summer,Hockey,M,196,1,12
1362,2016 Summer,Judo,F,152,7,65
1363,2016 Summer,Judo,M,237,7,112
1364,2016 Summer,Modern Pentathlon,F,36,1,26
1365,2016 Summer,Modern Pentathlon,M,36,1,25
1366,2016 Summer,Rhythmic Gymnastics,F,96,2,24
1367,2016 Summer,Rowing,F,215,6,50
1368,2016 Summer,Rowing,M,331,8,59
1369,2016 Summer,Rugby Sevens,F,148,1,12
1370,2016 Summer,Rugby Sevens,M,151,1,12
1371,2016 Summer,Sailing,F,163,5,51
1372,2016 Summer,Sailing,M,217,6,63
1373,2016 Summer,Shooting,F,151,6,61
1374,2016 Summer,Shooting,M,239,9,81
1375,2016 Summer,Swimming,F,438,17,162
1376,2016 Summer,Swimming,M,504,17,169
1377,2016 Summer,Synchronized Swimming,F,102,2,24
1378,2016 Summer,Table Tennis,F,86,2,43
1379,2016 Summer,Table Tennis,M,86,2,46
1380,2016 Summer,Taekwondo,F,64,4,45
1381,2016 Summer,Taekwondo,M,62,4,44
1382,2016 Summer,Tennis,F,91,3,38
1383,2016 Summer,Tennis,M,105,3,43
1384,2016 Summer,Trampolining,F,16,1,13
1385,2016 Summer,Trampolining,M,16,1,13
1386,2016 Summer,Triathlon,F,55,1,31
1387,2016 Summer,Triathlon,M,55,1,31
1388,2016 Summer,Volleyball,F,142,1,12
1389,2016 Summer,Volleyball,M,141,1,12
1390,2016 Summer,Water Polo,F,104,1,8
1391,2016 Summer,Water Polo,M,154,1,12
1392,2016 Summer,Weightlifting,F,103,7,62
1393,2016 Summer,Weightlifting,M,152,8,80
1394,2016 Summer,Wrestling,F,112,6,44
1395,2016 Summer,Wrestling,M,234,12,55
